{
    "W0": [
        [
            1.0,
            2.0
        ],
        [
            7.0,
            8.0
        ],
        [
            -3.14159,
            3.14159
        ]
    ],
    "W1": [
        [
            3.0,
            4.0
        ],
        [
            2.0,
            3.0
        ],
        [
            -3.14159,
            3.14159
        ]
    ],
    "W2": [
        [
            5.0,
            6.0
        ],
        [
            7.0,
            8.0
        ],
        [
            -3.14159,
            3.14159
        ]
    ],
    "W3": [
        [
            7.0,
            8.0
        ],
        [
            2.0,
            3.0
        ],
        [
            -3.14159,
            3.14159
        ]
    ],
    "W4": [
        [
            9.0,
            10.0
        ],
        [
            7.0,
            8.0
        ],
        [
            -3.14159,
            3.14159
        ]
    ]
}